Rank,Youtuber,Subscribers,Video Views,Video Count,Category,Started
1,T-Series,"23,40,00,000","2,12,90,02,71,553","18,515",Music,2006
2,YouTube Movies,"16,10,00,000",0,0,Film & Animation,2015
3,Cocomelon - Nursery Rhymes,"15,20,00,000","1,49,08,41,78,448",846,Education,2006
4,SET India,"15,00,00,000","1,37,82,80,94,104","1,03,200",Shows,2006
5,MrBeast,"12,80,00,000","21,54,91,28,785",733,Entertainment,2012
6,Music,"11,80,00,000",0,0,https://us.youtubers.me/global/all/top-1000-most_subscribed-youtube-channels,2013
7,PewDiePie,"11,10,00,000","28,85,18,83,250","4,694",Gaming,2010
8,✿ Kids Diana Show,"10,60,00,000","86,63,85,70,921","1,056",People & Blogs,2015
9,Like Nastya,"10,40,00,000","87,20,29,35,675",754,People & Blogs,2016
10,Gaming,"9,33,00,000",0,0,https://us.youtubers.me/global/all/top-1000-most_subscribed-youtube-channels,2013
11,WWE,"9,28,00,000","73,57,76,95,222","66,174",Sports,2007
12,Vlad and Niki,"9,27,00,000","72,44,41,18,381",520,Entertainment,2018
13,Zee Music Company,"9,16,00,000","53,35,25,97,784","7,530",Music,2014
14,BLACKPINK,"8,39,00,000","28,72,32,86,185",468,People & Blogs,2016
15,Goldmines,"8,12,00,000","21,29,65,68,609","5,090",Film & Animation,2012
16,5-Minute Crafts,"7,85,00,000","24,98,34,30,208","5,937",Howto & Style,2016
17,Sony SAB,"7,64,00,000","91,11,72,92,875","63,390",Shows,2007
18,Sports,"7,51,00,000",0,0,https://us.youtubers.me/global/all/top-1000-most_subscribed-youtube-channels,2013
19,BANGTANTV,"7,31,00,000","19,24,00,57,894","2,090",Music,2012
20,Justin Bieber,"7,08,00,000","29,59,86,52,357",249,Music,2007
21,HYBE LABELS,"6,96,00,000","25,94,77,02,825","1,070",Music,2008
22,Canal KondZilla,"6,63,00,000","37,17,94,07,050","2,383",Music,2012
23,Zee TV,"6,54,00,000","31,29,15,72,708","80,178",Entertainment,2005
24,Pinkfong Baby Shark - Kids' Songs & Stories,"6,46,00,000","35,93,44,21,688","2,599",Education,2011
25,Shemaroo Filmi Gaane,"6,35,00,000","29,99,20,48,346","8,464",Music,2010
26,ChuChu TV Nursery Rhymes & Kids Songs,"6,11,00,000","41,90,42,39,949",531,Education,2013
27,Colors TV,"5,93,00,000","57,82,56,49,653","1,02,403",Shows,2008
28,Dude Perfect,"5,86,00,000","15,29,42,26,020",364,Sports,2009
29,Movieclips,"5,85,00,000","59,49,39,25,856","39,921",Film & Animation,2006
30,T-Series Bhakti Sagar,"5,73,00,000","27,00,48,07,684","24,900",Music,2011
31,Tips Official,"5,63,00,000","30,74,15,13,673","4,102",Music,2007
32,Marshmello,"5,61,00,000","14,01,49,58,483",405,Entertainment,2015
33,Wave Music,"5,57,00,000","38,81,94,71,815","18,970",Music,2014
34,Sony Music India,"5,54,00,000","27,17,92,77,627","3,380",Music,2009
35,Aaj Tak,"5,53,00,000","22,72,57,89,132","2,33,730",News & Politics,2009
36,EminemMusic,"5,50,00,000","25,33,43,75,101",140,Music,2007
37,El Reino Infantil,"5,50,00,000","53,45,82,57,145","1,410",Music,2011
38,Ed Sheeran,"5,28,00,000","29,00,46,63,326",258,Music,2006
39,LooLoo Kids - Nursery Rhymes and Children's Songs,"5,23,00,000","30,85,79,86,532",607,Music,2014
40,Ariana Grande,"5,22,00,000","23,05,87,76,245",146,Music,2007
41,YRF,"5,10,00,000","32,06,88,51,747","3,475",Film & Animation,2006
42,Taylor Swift,"5,07,00,000","27,71,41,89,976",204,Music,2006
43,BillionSurpriseToys - English Kids Songs & Cartoon,"4,97,00,000","8,66,29,01,485",637,Education,2013
44,Infobells - Hindi,"4,84,00,000","27,62,15,98,218",514,Education,2014
45,Billie Eilish,"4,73,00,000","12,81,07,75,364",51,Music,2013
46,JuegaGerman,"4,70,00,000","14,14,32,77,535","2,017",Gaming,2013
47,Badabun,"4,63,00,000","19,05,34,87,396","16,726",Entertainment,2014
48,Fernanfloo,"4,56,00,000","10,14,64,22,791",542,Gaming,2011
49,Bad Bunny,"4,51,00,000","28,11,44,60,507",127,Music,2014
50,Felipe Neto,"4,48,00,000","16,04,32,30,315","3,977",Entertainment,2006
51,SonyMusicIndiaVEVO,"4,48,00,000","25,91,50,43,211","3,366",Music,2009
52,BRIGHT SIDE,"4,43,00,000","10,43,09,31,571","5,173",Howto & Style,2017
53,Get Movies,"4,42,00,000","29,25,19,98,725","3,160",Entertainment,2006
54,Você Sabia?,"4,41,00,000","7,59,79,09,400","1,444",Entertainment,2013
55,whinderssonnunes,"4,40,00,000","4,17,92,50,874",524,Comedy,2013
56,Shemaroo,"4,40,00,000","22,41,91,93,201","10,697",Entertainment,2007
57,A4,"4,39,00,000","19,94,62,20,349",709,Gaming,2014
58,Katy Perry,"4,38,00,000","24,67,66,43,547",120,Music,2008
59,HolaSoyGerman.,"4,34,00,000","4,78,27,90,153",136,Entertainment,2011
60,Alan Walker,"4,28,00,000","12,26,60,13,874",364,Music,2012
61,Voot Kids,"4,23,00,000","19,62,02,44,169","3,923",Entertainment,2016
62,Like Nastya Show,"4,21,00,000","19,12,41,11,758",606,Entertainment,2017
63,ABS-CBN Entertainment,"4,21,00,000","48,81,58,21,642","1,85,775",People & Blogs,2008
64,Speed Records,"4,18,00,000","25,75,23,72,644","10,608",Music,2012
65,Rihanna,"4,09,00,000","21,16,99,59,746",82,Entertainment,2005
66,Маша и Медведь,"4,09,00,000","34,57,78,07,066","1,281",Film & Animation,2011
67,Little Baby Bum - Nursery Rhymes & Kids Songs,"4,06,00,000","38,57,35,16,896","2,245",Education,2011
68,elrubiusOMG,"4,04,00,000","7,58,14,23,100",711,Gaming,2011
69,Shakira,"4,01,00,000","25,42,80,49,775",307,People & Blogs,2005
70,Luisito Comunica,"3,98,00,000","8,16,03,28,364","1,194",Comedy,2012
71,Ishtar Music,"3,95,00,000","16,19,86,67,693","4,582",Trailers,2005
72,Kimberly Loaiza,"3,95,00,000","4,93,97,34,902",250,People & Blogs,2016
73,LUCCAS NETO - LUCCAS TOON,"3,87,00,000","21,41,58,52,275","1,985",People & Blogs,2014
74,ARY Digital HD,"3,86,00,000","32,38,30,19,054","88,409",Entertainment,2016
75,Masha and The Bear,"3,85,00,000","21,85,03,02,761","1,035",Shows,2014
76,XXXTENTACION,"3,84,00,000","10,13,42,05,288",129,Music,2015
77,GR6 EXPLODE,"3,84,00,000","24,70,10,70,352","4,134",Music,2014
78,Toys and Colors,"3,84,00,000","44,19,06,24,959",905,Entertainment,2016
79,TheEllenShow,"3,83,00,000","22,53,56,32,362","14,993",Entertainment,2006
80,WorkpointOfficial,"3,81,00,000","36,23,42,68,240","69,696",Entertainment,2012
81,One Direction,"3,78,00,000","13,12,51,70,526",157,Music,2010
82,CarryMinati,"3,76,00,000","3,11,07,25,449",180,Comedy,2014
83,Daddy Yankee,"3,75,00,000","21,66,76,15,457",471,Music,2011
84,shfa2 - شفا,"3,74,00,000","22,24,97,85,330","1,468",People & Blogs,2017
85,Super Simple Songs - Kids Songs,"3,74,00,000","40,90,58,20,903",647,Education,2006
86,TEDx Talks,"3,73,00,000","7,02,53,67,828","1,91,506",Nonprofits & Activism,2009
87,shfa,"3,70,00,000","20,19,65,97,873",920,People & Blogs,2015
88,Jkk Entertainment,"3,67,00,000","15,89,24,49,076",207,Comedy,2017
89,HAR PAL GEO,"3,67,00,000","32,30,73,89,493","80,499",Entertainment,2008
90,Mikecrack,"3,66,00,000","14,99,73,02,673","1,811",Gaming,2015
91,Maroon 5,"3,64,00,000","21,65,15,21,761",163,Music,2006
92,News,"3,63,00,000",0,0,https://us.youtubers.me/global/all/top-1000-most_subscribed-youtube-channels,2013
93,Goldmines Gaane Sune Ansune,"3,63,00,000","15,50,05,77,270","3,406",Music,2015
94,Bruno Mars,"3,61,00,000","18,36,98,12,498",99,Music,2006
95,ช่อง one31,"3,60,00,000","26,38,03,24,996","1,04,458",Entertainment,2013
96,Like Nastya ESP,"3,59,00,000","17,25,07,77,103",691,Entertainment,2017
97,Ozuna,"3,58,00,000","22,25,51,48,830",162,Music,2016
98,Maria Clara & JP,"3,55,00,000","22,53,67,84,457",693,People & Blogs,2015
99,Sony PAL,"3,53,00,000","25,90,62,08,404","21,627",Shows,2014
100,YouTube,"3,52,00,000","2,98,09,22,779",620,News & Politics,1970
101,Ultra Bollywood,"3,52,00,000","16,07,15,19,784","9,424",Trailers,2009
102,ABP NEWS,"3,51,00,000","11,60,56,65,353","2,53,628",People & Blogs,2012
103,Total Gaming,"3,43,00,000","5,29,76,72,072","1,137",Gaming,2018
104,Markiplier,"3,43,00,000","19,49,18,86,710","5,392",Gaming,2012
105,Ryan's World,"3,42,00,000","53,64,63,14,889","2,294",Entertainment,2015
106,J Balvin,"3,39,00,000","22,25,75,60,882",134,Music,2011
107,Vlad và Niki,"3,39,00,000","21,00,89,32,630",457,https://us.youtubers.me/global/all/top-1000-most_subscribed-youtube-channels,2018
108,Geet MP3,"3,37,00,000","12,20,53,82,034",614,Music,2016
109,Desi Music Factory,"3,36,00,000","9,90,90,79,287",129,Music,2014
110,IndiaTV,"3,36,00,000","14,72,87,24,777","2,54,217",News & Politics,2006
111,T-Series Apna Punjab,"3,36,00,000","20,00,46,53,117","7,169",Music,2011
112,La Granja de Zenón,"3,36,00,000","24,78,49,72,963",604,Music,2013
113,VEGETTA777,"3,36,00,000","15,18,26,06,203","7,322",Gaming,2008
114,SSSniperWolf,"3,32,00,000","22,26,54,06,473","3,200",Gaming,2013
115,NoCopyrightSounds,"3,31,00,000","10,84,33,42,435","1,205",Music,2011
116,KHANDESHI MOVIES,"3,30,00,000","11,11,48,15,843",203,Comedy,2013
117,Bollywood Classics,"3,28,00,000","20,44,13,45,965","1,959",Music,2012
118,PowerKids TV,"3,28,00,000","16,67,80,03,928","3,818",Film & Animation,2014
119,Ch3Thailand,"3,25,00,000","20,92,87,76,913","73,637",Entertainment,2014
120,Galinha Pintadinha,"3,23,00,000","24,45,34,80,427",65,Film & Animation,2006
121,Selena Gomez,"3,22,00,000","12,21,27,68,270",188,Film & Animation,2008
122,Eros Now Music,"3,20,00,000","17,27,91,22,597","9,863",Entertainment,2007
123,Saregama Music,"3,20,00,000","13,56,88,78,190","6,652",Entertainment,2013
124,Rajshri,"3,19,00,000","13,96,54,58,068","3,761",Music,2006
125,GENIAL,"3,17,00,000","6,57,81,28,540","5,957",Howto & Style,2017
126,CVS 3D Rhymes & Kids Songs,"3,17,00,000","19,31,96,26,738",338,Education,2008
127,JustinBieberVEVO,"3,17,00,000","25,95,57,45,056",204,Music,2009
128,Mr Bean,"3,15,00,000","10,21,94,05,165","2,847",Shows,2006
129,rezendeevil,"3,15,00,000","12,83,75,85,247","11,757",Gaming,2012
130,SMTOWN,"3,14,00,000","26,26,75,02,068","4,059",Music,2006
131,DisneyMusicVEVO,"3,14,00,000","26,62,01,44,607","1,922",Music,2010
132,BabyBus - Kids Songs and Cartoons,"3,13,00,000","25,29,18,36,510","1,953",Education,2016
133,Dream,"3,13,00,000","2,83,67,85,859",112,Gaming,2014
134,Techno Gamerz,"3,12,00,000","8,41,28,05,750",896,Gaming,2017
135,Luis Fonsi,"3,12,00,000","14,80,58,01,427",137,Entertainment,2014
136,Genevieve's Playhouse - Learning Videos for Kids,"3,11,00,000","22,12,22,95,687",590,Education,2016
137,Ricis Official,"3,08,00,000","5,64,15,97,942","2,335",People & Blogs,2016
138,MrBeast Gaming,"3,08,00,000","5,42,64,58,352",138,Gaming,2020
139,The Weeknd,"3,08,00,000","21,09,77,91,955",130,Music,2011
140,Jingle Toons,"3,07,00,000","10,34,82,65,538",233,Film & Animation,2013
141,The Tonight Show Starring Jimmy Fallon,"3,06,00,000","16,69,76,58,353","8,467",Comedy,2006
142,Trap Nation,"3,05,00,000","13,76,91,64,702","2,601",Music,2012
143,Worldwide Records Bhojpuri,"3,03,00,000","15,54,38,12,678","6,208",Music,2012
144,AH,"3,01,00,000","4,14,09,58,197","1,981",Entertainment,2014
145,Peppa Pig - Official Channel,"3,00,00,000","21,91,42,17,722","2,575",Film & Animation,2013
146,Boram Tube Vlog [보람튜브 브이로그],"2,99,00,000","13,32,04,47,980",223,Entertainment,2012
147,Wow Kidz,"2,99,00,000","15,90,60,54,081","3,825",Film & Animation,2015
148,Spinnin' Records,"2,99,00,000","20,65,18,21,146","11,048",Music,2007
149,ImagineDragons,"2,98,00,000","15,57,31,84,914",87,Music,2009
150,MR. INDIAN HACKER,"2,98,00,000","5,17,08,19,584",874,Science & Technology,2012
151,Shawn Mendes,"2,98,00,000","12,27,23,83,543",132,Music,2011
152,DONA 도나,"2,97,00,000","19,51,48,03,427",163,Entertainment,2018
153,GMANetwork,"2,96,00,000","27,83,52,42,571","1,25,735",Entertainment,2006
154,Adele,"2,95,00,000","13,36,50,50,446",15,Music,2008
155,Popular on YouTube,"2,93,00,000",0,0,https://us.youtubers.me/global/all/top-1000-most_subscribed-youtube-channels,2013
156,قناة طيور الجنة | toyoraljanahtv,"2,92,00,000","26,74,34,03,629","3,175",Entertainment,2008
157,AuronPlay,"2,92,00,000","4,02,13,81,165",404,Comedy,2006
158,Little Angel: Nursery Rhymes & Kids Songs,"2,92,00,000","21,40,25,53,443","1,213",Education,2015
159,Talking Tom,"2,91,00,000","14,51,76,28,994",469,Comedy,2010
160,Ultra Records,"2,91,00,000","16,69,45,86,833","4,750",Music,2006
161,Maluma,"2,90,00,000","20,39,87,52,778",21,Music,2018
162,Round2hell,"2,90,00,000","2,95,56,67,345",66,Comedy,2016
163,ashish chanchlani vines,"2,90,00,000","4,20,70,27,768",147,Comedy,2009
164,jacksepticeye,"2,90,00,000","15,85,73,60,480","5,046",Gaming,2007
165,KAROL G,"2,89,00,000","15,67,16,95,419",124,Music,2013
166,Zee News,"2,87,00,000","14,54,70,67,456","1,60,005",News & Politics,2007
167,व्लाद और निकिता,"2,87,00,000","17,10,79,73,877",478,https://us.youtubers.me/global/all/top-1000-most_subscribed-youtube-channels,2018
168,Lucas and Marcus,"2,86,00,000","9,57,55,72,393","1,076",Entertainment,2011
169,TheDonato,"2,84,00,000","5,58,89,92,559","2,755",Entertainment,2015
170,The Late Late Show with James Corden,"2,80,00,000","10,20,06,58,256","5,695",Entertainment,2006
171,AboFlah,"2,77,00,000","3,96,38,24,628",593,Gaming,2016
172,infobells - Tamil,"2,76,00,000","17,02,73,19,292",495,Education,2014
173,Drake,"2,75,00,000","14,11,22,71,569",59,Music,2009
174,Aditya Music,"2,74,00,000","24,22,93,79,040","20,757",Music,2008
175,Bounce Patrol - Kids Songs,"2,73,00,000","19,99,63,46,479",229,Music,2013
176,Michael Jackson,"2,71,00,000","13,47,50,88,420",15,Music,2005
177,Wiz Khalifa,"2,70,00,000","12,95,63,92,794",623,Music,2008
178,Sandeep Maheshwari,"2,69,00,000","2,16,64,69,190",562,People & Blogs,2012
179,infobells - Telugu,"2,69,00,000","13,91,31,56,831",449,Education,2014
180,A.O.D,"2,69,00,000","15,71,57,87,972","2,474",Entertainment,2014
181,enchufetv,"2,66,00,000","10,22,39,66,037","1,056",Comedy,2011
182,toycantando,"2,65,00,000","14,66,73,62,261",531,Music,2009
183,Aditya Movies,"2,64,00,000","8,93,22,31,692","4,719",Movies,2012
184,JYP Entertainment,"2,63,00,000","18,50,53,16,594","1,599",Music,2008
185,DanTDM,"2,63,00,000","18,96,02,51,968","3,638",Gaming,2012
186,Nick Jr.,"2,63,00,000","21,51,14,13,683","5,079",Film & Animation,2012
187,Goldmines Dishoom,"2,63,00,000","7,87,04,63,275","3,364",Film & Animation,2016
188,WORLDSTARHIPHOP,"2,62,00,000","19,89,91,29,709","6,708",Music,2008
189,Renato Garcia YT,"2,62,00,000","7,38,02,86,067","3,625",Entertainment,2011
190,Jess No Limit,"2,59,00,000","3,22,52,86,925","2,009",Entertainment,2017
191,Masha y el Oso,"2,59,00,000","12,08,86,12,689",936,Film & Animation,2016
192,BB Ki Vines,"2,58,00,000","4,55,15,92,957",188,Entertainment,2015
193,VanossGaming,"2,58,00,000","15,22,71,82,993","1,668",Gaming,2011
194,1MILLION Dance Studio,"2,58,00,000","7,63,94,82,143","4,876",Entertainment,2015
195,Netflix,"2,57,00,000","6,48,35,49,335","6,144",Entertainment,2012
196,Shemaroo Movies,"2,57,00,000","6,69,47,49,616","2,666",Entertainment,2011
197,TaylorSwiftVEVO,"2,57,00,000","24,33,41,60,208",261,Music,2009
198,LosPolinesios,"2,56,00,000","7,28,40,96,508",941,People & Blogs,2012
199,Crazy XYZ,"2,55,00,000","6,90,95,79,235","1,183",Entertainment,2017
200,Raffy Tulfo in Action,"2,55,00,000","14,09,06,42,521","9,363",News & Politics,2016
201,Beyoncé,"2,55,00,000","16,54,59,52,051",234,Music,2005
202,Marília Mendonça,"2,55,00,000","17,58,38,69,743",120,Music,2013
203,Enaldinho,"2,55,00,000","9,60,00,28,596","3,275",Comedy,2012
204,RihannaVEVO,"2,52,00,000","18,71,19,81,509",118,Music,2009
205,StarPlus,"2,52,00,000","18,00,74,60,762","26,205",Entertainment,2006
206,Nicki Minaj,"2,51,00,000","9,81,43,93,443",39,Music,2013
207,Las Ratitas,"2,50,00,000","9,41,62,42,649",221,People & Blogs,2015
208,Smosh,"2,50,00,000","10,27,45,51,358","1,459",Comedy,2005
209,David Guetta,"2,50,00,000","16,78,96,46,111",702,Music,2009
210,HUM TV,"2,49,00,000","20,13,89,82,531","85,520",Entertainment,2011
211,WatchMojo.com,"2,49,00,000","16,03,65,94,903","23,571",Music,2007
212,ZHC,"2,49,00,000","2,43,21,86,480",305,Film & Animation,2013
213,Yuya,"2,49,00,000","2,58,62,11,373",672,Howto & Style,2009
214,EminemVEVO,"2,48,00,000","19,61,87,87,988",104,Music,2009
215,Post Malone,"2,48,00,000","13,40,07,99,639",64,Music,2011
216,KatyPerryVEVO,"2,47,00,000","23,19,31,21,362",173,Music,2009
217,Rans Entertainment,"2,47,00,000","6,06,77,61,738","3,371",People & Blogs,2015
218,Chris Brown,"2,45,00,000","14,63,45,73,956",23,Music,2006
219,Brent Rivera,"2,45,00,000","5,65,93,81,804",516,Comedy,2009
220,Super JoJo - Nursery Rhymes & Kids Songs,"2,44,00,000","14,59,730",8,https://us.youtubers.me/global/all/top-1000-most_subscribed-youtube-channels,2019
221,D Billions,"2,44,00,000","27,80,04,56,761",590,https://us.youtubers.me/global/all/top-1000-most_subscribed-youtube-channels,2019
222,Coldplay,"2,44,00,000","16,15,14,04,605",364,Music,2010
223,Goldmines Bollywood,"2,44,00,000","7,88,15,75,502","3,097",Film & Animation,2015
224,1theK (원더케이),"2,44,00,000","23,26,32,34,592","17,735",Music,2011
225,TRANS7 OFFICIAL,"2,43,00,000","13,33,69,47,331","83,527",Entertainment,2014
226,Chloe Ting,"2,43,00,000","2,85,54,77,471",386,Howto & Style,2011
227,Amit Bhadana,"2,43,00,000","2,31,89,23,728",97,Entertainment,2012
228,★ Kids Roma Show,"2,41,00,000","8,53,93,57,204",613,People & Blogs,2015
229,Collins Key,"2,40,00,000","6,51,42,71,600",254,Entertainment,2011
230,KSI,"2,40,00,000","5,95,79,39,168","1,248",Entertainment,2009
231,DJ Snake,"2,39,00,000","8,03,93,06,948",217,Music,2008
232,ABPLIVE,"2,39,00,000","7,23,10,58,050","1,62,144",People & Blogs,2017
233,Ninja,"2,38,00,000","2,48,77,98,349","1,525",Gaming,2011
234,The Lallantop,"2,38,00,000","9,06,94,03,398","44,355",News & Politics,2015
235,James Charles,"2,38,00,000","3,80,10,89,461",444,Entertainment,2015
236,WB Kids,"2,37,00,000","10,17,50,12,401","1,871",People & Blogs,2015
237,Anuel AA,"2,36,00,000","13,02,22,29,032",135,Music,2016
238,Logan Paul,"2,36,00,000","5,94,12,51,199",714,Entertainment,2015
239,netd müzik,"2,35,00,000","53,38,67,51,228","21,930",Music,2014
240,Frost Diamond,"2,35,00,000","5,92,00,64,550","2,421",Gaming,2014
241,Like Nastya AE,"2,34,00,000","11,84,36,14,429",636,Entertainment,2018
242,Enrique Iglesias,"2,34,00,000","16,99,99,07,105",434,Music,2007
243,Happy Lives,"2,34,00,000","10,10,39,32,216",550,Science & Technology,2016
244,MrBeast en Español,"2,34,00,000","2,95,94,84,997",87,Entertainment,2021
245,NickyJamTV,"2,34,00,000","15,43,31,53,908",358,Music,2012
246,Mister Max,"2,34,00,000","15,18,88,85,182","1,072",People & Blogs,2014
247,Troom Troom,"2,34,00,000","10,00,12,22,206","2,120",Howto & Style,2015
248,Mark Rober,"2,33,00,000","3,21,44,11,985",108,Science & Technology,2011
249,Erlania e Valentina Pontes,"2,32,00,000","7,74,06,25,371","1,234",Film & Animation,2014
250,Miss Katy,"2,32,00,000","14,25,68,69,917","1,016",People & Blogs,2014
251,Jelly,"2,32,00,000","14,48,57,90,472","5,861",Gaming,2014
252,Indosiar,"2,31,00,000","11,79,54,85,473","64,565",Music,2013
253,America's Got Talent,"2,31,00,000","4,63,44,00,513","2,960",Entertainment,2006
254,Sesame Street,"2,31,00,000","21,71,04,73,619","3,542",Entertainment,2006
255,Diana and Roma ARA,"2,30,00,000","10,50,42,90,129",544,https://us.youtubers.me/global/all/top-1000-most_subscribed-youtube-channels,2019
256,Venus Movies,"2,29,00,000","6,64,81,13,808","2,499",Entertainment,2010
257,YOLO AVENTURAS,"2,28,00,000","6,14,05,29,899","1,225",People & Blogs,2018
258,Pen Movies,"2,28,00,000","6,12,36,52,788","1,646",Film & Animation,2014
259,Technical Guruji,"2,28,00,000","3,24,05,74,005","4,812",Science & Technology,2015
260,Goldmines Movies,"2,28,00,000","5,16,64,13,550","4,432",Film & Animation,2013
261,Peppa Pig Español Latino - Canal Oficial,"2,27,00,000","7,49,52,14,886","1,118",Film & Animation,2014
262,FaZe Rug,"2,27,00,000","6,74,93,44,707","2,077",Gaming,2012
263,DrossRotzank,"2,27,00,000","5,86,89,77,921","1,545",Entertainment,2006
264,Zhong,"2,27,00,000","13,64,83,54,447","1,283",Entertainment,2015
265,Lady Gaga,"2,26,00,000","14,74,54,36,214",172,People & Blogs,2008
266,GMM GRAMMY OFFICIAL,"2,26,00,000","24,83,90,63,221","14,488",Music,2010
267,Preston,"2,26,00,000","7,50,56,83,763","3,927",Gaming,2012
268,LankyBox,"2,26,00,000","30,31,76,40,439","6,984",Comedy,2016
269,White Hill Music,"2,24,00,000","10,30,31,70,016","5,300",Entertainment,2014
270,The Chainsmokers,"2,24,00,000","13,74,44,71,188",160,Music,2012
271,Smile Family,"2,24,00,000","8,49,90,75,726",451,People & Blogs,2018
272,TED,"2,24,00,000","2,45,77,59,405","4,181",People & Blogs,2006
273,Juan De Dios Pantoja,"2,24,00,000","1,83,55,11,828",196,Entertainment,2014
274,mmoshaya,"2,23,00,000","16,97,28,53,327","1,164",People & Blogs,2010
275,Wave Music Bhojpuri,"2,23,00,000","12,53,01,55,484","21,963",Music,2014
276,Paulo Londra,"2,22,00,000","7,57,73,33,000",58,Music,2016
277,Sia,"2,22,00,000","12,78,91,15,698",168,Music,2007
278,BabyBus - Canciones Infantiles & Videos para Niños,"2,21,00,000","12,54,60,08,350","1,087",Education,2018
279,Diana and Roma EN,"2,21,00,000","6,04,44,49,696",464,People & Blogs,2011
280,OneDirectionVEVO,"2,19,00,000","11,83,01,32,973",266,Music,2010
281,Like Nastya PRT,"2,19,00,000","10,97,98,00,678",589,Entertainment,2019
282,SSundee,"2,17,00,000","12,84,36,59,340","3,194",Gaming,2009
283,Charlie Puth,"2,16,00,000","9,27,99,30,391",146,Music,2009
284,Ultra Movie Parlour,"2,16,00,000","5,27,43,37,335","1,475",Movies,2011
285,Goldmines Cineplex,"2,15,00,000","2,09,89,34,903","2,932",Film & Animation,2015
286,FGTeeV,"2,15,00,000","23,29,47,30,097","1,661",Gaming,2013
287,Maya and Mary,"2,14,00,000","6,48,89,80,036",546,Entertainment,2013
288,Dua Lipa,"2,14,00,000","10,58,40,82,649",164,Music,2011
289,Dushyant kukreja,"2,14,00,000","14,10,54,93,980",735,Entertainment,2015
290,Beast Reacts,"2,13,00,000","3,21,29,40,190",230,People & Blogs,2016
291,Alan Becker,"2,12,00,000","4,74,33,71,214",135,Film & Animation,2006
292,Kids TV - Nursery Rhymes And Baby Songs,"2,12,00,000","12,48,15,40,293","3,608",Shows,2013
293,NichLmao,"2,11,00,000","11,36,12,53,531",720,People & Blogs,2018
294,nigahiga,"2,11,00,000","4,37,00,83,736",403,Entertainment,2006
295,Vlad and Niki Arabic,"2,11,00,000","9,91,00,20,745",471,https://us.youtubers.me/global/all/top-1000-most_subscribed-youtube-channels,2018
296,National Geographic,"2,11,00,000","5,42,94,40,644","10,013",Science & Technology,2006
297,Disney Latinoamérica,"2,10,00,000","19,85,13,68,612","7,956",Entertainment,2007
298,Tasty,"2,10,00,000","5,61,44,08,524","4,461",Howto & Style,2016
299,toyorbabytv,"2,10,00,000","14,93,50,05,348","1,092",Music,2012
300,Rotana,"2,09,00,000","17,84,77,80,290","8,240",Music,2012
301,Becky G,"2,08,00,000","10,02,83,84,275",73,Music,2011
302,5-Minute Crafts DIY,"2,08,00,000","4,99,76,58,141","4,478",Howto & Style,2018
303,Baim Paula,"2,08,00,000","4,34,51,34,335","2,065",People & Blogs,2016
304,Sun TV,"2,07,00,000","17,38,44,48,140","45,220",People & Blogs,2016
305,Kinder Spielzeug Kanal,"2,07,00,000","10,24,04,99,274",842,Entertainment,2015
306,Canal Canalha,"2,07,00,000","1,85,88,50,667",298,Comedy,2011
307,Tlnovelas,"2,06,00,000","13,93,14,61,109","34,189",News & Politics,2013
308,Netflix India,"2,06,00,000","6,63,00,97,487","3,126",People & Blogs,2016
309,Tekashi 6ix9ine,"2,06,00,000","5,50,57,99,443",25,People & Blogs,2018
310,Brave Wilderness,"2,06,00,000","4,79,80,91,763",966,Pets & Animals,2014
311,Vania Mania Kids,"2,05,00,000","8,59,99,68,109",906,People & Blogs,2015
312,Family GamesTV,"2,04,00,000","7,15,79,96,223",301,Entertainment,2016
313,Lyrical Lemonade,"2,04,00,000","10,10,35,45,946",413,Entertainment,2013
314,Dr. Vivek Bindra: Motivational Speaker,"2,04,00,000","1,59,74,14,298",782,Education,2013
315,Avicii,"2,04,00,000","9,85,77,17,474",149,Music,2009
316,Junya.じゅんや,"2,03,00,000","12,06,78,61,694","4,001",Entertainment,2020
317,GMA Public Affairs,"2,03,00,000","12,77,57,79,195","41,546",Entertainment,2009
318,BETER BÖCÜK,"2,03,00,000","11,55,85,34,734","1,772",https://us.youtubers.me/global/all/top-1000-most_subscribed-youtube-channels,2012
319,Eva Bravo Play,"2,03,00,000","8,63,46,60,945",202,Entertainment,2019
320,LazarBeam,"2,03,00,000","8,58,92,02,733","1,318",Gaming,2015
321,Jake Paul,"2,03,00,000","7,26,57,86,652",950,People & Blogs,2013
322,BuzzFeedVideo,"2,02,00,000","17,84,48,81,541","7,477",People & Blogs,2011
323,Romeo Santos,"2,02,00,000","16,05,39,17,113",53,Music,2005
324,Alejo Igoa,"2,02,00,000","8,46,65,20,358",754,Comedy,2014
325,invictor,"2,02,00,000","7,81,56,57,879","2,177",Gaming,2013
326,SlivkiShow,"2,02,00,000","4,53,06,71,605",446,Entertainment,2012
327,Totoy kids - Português,"2,02,00,000","4,19,68,25,167",240,Film & Animation,2014
328,5-Minute Crafts PLAY,"2,01,00,000","5,91,64,49,403","4,934",Howto & Style,2017
329,AuthenticGames,"2,01,00,000","8,88,79,64,445","4,799",Gaming,2011
330,Gulshan Kalra,"2,01,00,000","9,70,95,36,467",457,Howto & Style,2018
331,Mnet K-POP,"2,01,00,000","13,92,25,59,602","30,622",Entertainment,2006
332,mujjuu___14,"2,00,00,000","12,72,00,12,557",730,People & Blogs,2020
333,Pencilmation,"2,00,00,000","11,09,46,54,170","1,303",Film & Animation,2007
334,Skrillex,"2,00,00,000","6,43,88,77,934",191,Music,2010
335,Pentatonix,"2,00,00,000","5,93,96,17,823",253,Music,2011
336,Marvel Entertainment,"2,00,00,000","5,42,39,46,266","8,257",Entertainment,2005
337,Infinite,"2,00,00,000","4,72,13,67,276","1,563",Entertainment,2014
338,Vevo,"2,00,00,000","55,43,09,174","1,539",Music,2006
339,REACT,"2,00,00,000","13,03,47,33,249","4,042",Entertainment,2007
340,HaerteTest,"1,99,00,000","3,18,44,09,704","1,299",Science & Technology,2011
341,Kurzgesagt – In a Nutshell,"1,99,00,000","2,20,25,83,880",171,Education,2013
342,Got Talent Global,"1,99,00,000","3,57,53,49,122","2,020",Entertainment,2013
343,Fatos Desconhecidos,"1,99,00,000","3,49,25,81,724","5,703",Entertainment,2013
344,Khan GS Research Centre,"1,98,00,000","1,89,46,38,004",353,Education,2019
345,Noor Stars,"1,98,00,000","2,63,82,22,649",654,Comedy,2014
346,Dan Rhodes,"1,98,00,000","14,12,10,21,396","1,541",Entertainment,2015
347,Tilak,"1,98,00,000","7,98,00,58,405","4,929",Film & Animation,2020
348,The Royalty Family,"1,98,00,000","5,36,58,14,568",681,People & Blogs,2017
349,Deddy Corbuzier,"1,98,00,000","4,47,94,93,326","1,229",Entertainment,2009
350,JennaMarbles,"1,98,00,000","1,78,47,76,380",250,Comedy,2010
351,Linkin Park,"1,97,00,000","12,43,52,59,143",593,Music,2006
352,Gusttavo Lima Oficial,"1,97,00,000","12,91,46,85,124",349,Music,2010
353,NBA,"1,97,00,000","11,50,96,56,903","44,327",Sports,2005
354,Ninja Kidz TV,"1,97,00,000","10,04,39,31,480",279,Entertainment,2017
355,Robin Hood Gamer,"1,97,00,000","9,95,56,29,684","3,889",Entertainment,2014
356,Gordon Ramsay,"1,97,00,000","3,74,64,99,230","1,393",Entertainment,2006
357,Daniel LaBelle,"1,96,00,000","10,33,52,48,598",259,Comedy,2009
358,Minecraft - Topic,"1,95,00,000",0,0,https://us.youtubers.me/global/all/top-1000-most_subscribed-youtube-channels,2013
359,Village Cooking Channel,"1,95,00,000","5,09,14,83,300",219,Howto & Style,2018
360,BabyBus - Cerita & Lagu Anak-anak,"1,94,00,000","11,15,36,01,710",744,Education,2019
361,Troom Troom Es,"1,94,00,000","7,28,25,36,298","2,715",People & Blogs,2016
362,shane,"1,94,00,000","4,29,90,52,383",569,People & Blogs,2005
363,Green Gold TV - Official Channel,"1,93,00,000","9,34,85,96,042","1,159",Film & Animation,2011
364,Clash of Clans,"1,93,00,000","3,77,61,48,455",621,Gaming,2013
365,AS Gaming,"1,93,00,000","2,70,98,08,489","1,149",Gaming,2016
366,JukiLop,"1,93,00,000","1,56,19,14,983",85,People & Blogs,2017
367,Sourav Joshi Vlogs,"1,92,00,000","7,64,15,24,111","1,205",People & Blogs,2019
368,Rafa & Luiz,"1,92,00,000","7,02,68,25,607","2,519",Entertainment,2015
369,DLS News,"1,92,00,000","2,10,30,47,927","4,182",News & Politics,2017
370,TRT Originals Urdu,"1,92,00,000","8,09,47,31,450",881,Entertainment,2020
371,CookieSwirlC,"1,91,00,000","22,11,29,69,982","3,660",Entertainment,2013
372,हिंदी - Genevieve's Playhouse,"1,91,00,000","10,29,81,45,297",100,Education,2018
373,Vlad and Niki IDN,"1,91,00,000","9,00,09,27,897",444,https://us.youtubers.me/global/all/top-1000-most_subscribed-youtube-channels,2018
374,Britain's Got Talent,"1,91,00,000","10,86,16,07,676","3,882",Entertainment,2008
375,Jimmy Kimmel Live,"1,90,00,000","12,81,34,67,160","6,355",Entertainment,2006
376,MiawAug,"1,90,00,000","5,63,61,37,133","3,488",Gaming,2014
377,Crafty Panda,"1,90,00,000","5,74,62,73,984",689,People & Blogs,2017
378,Official Pink Panther,"1,89,00,000","10,38,79,51,650",673,Film & Animation,2013
379,SCTV,"1,89,00,000","9,29,88,10,737","49,523",Entertainment,2011
380,Lil Nas X,"1,89,00,000","6,01,71,23,758",37,Music,2018
381,DUDU e CAROL,"1,89,00,000","7,66,61,47,546","2,908",Autos & Vehicles,2013
382,Sonotek,"1,89,00,000","7,38,12,08,895","8,222",Entertainment,2011
383,Sidhu Moose Wala,"1,87,00,000","5,22,36,54,445",112,Music,2017
384,Calvin Harris,"1,87,00,000","15,40,42,39,913",76,Music,2007
385,Cardi B,"1,87,00,000","7,35,70,83,297",60,People & Blogs,2016
386,ElTrollino,"1,87,00,000","5,82,17,36,442","1,539",Entertainment,2013
387,TheOdd1sOut,"1,87,00,000","4,32,34,87,943",129,Comedy,2014
388,Emiway Bantai,"1,87,00,000","3,24,10,27,636",213,Music,2013
389,HiMan,"1,86,00,000","2,62,57,44,578",352,People & Blogs,2014
390,Vijay Television,"1,86,00,000","23,85,32,53,686","37,729",Entertainment,2007
391,Kiddiestv Hindi - Nursery Rhymes & Kids Songs,"1,86,00,000","6,73,43,67,221",206,Education,2017
392,Мирошка ТВ,"1,86,00,000","4,79,43,23,084",97,Education,2018
393,Stokes Twins,"1,86,00,000","3,63,73,85,950",236,People & Blogs,2008
394,KBS WORLD TV,"1,86,00,000","14,50,48,15,566","61,206",Entertainment,2007
395,FIFA,"1,86,00,000","5,07,11,98,262","10,412",Sports,2006
396,The ACE Family,"1,86,00,000","4,53,79,71,345",705,People & Blogs,2016
397,Turma da Mônica,"1,85,00,000","13,52,59,16,236","1,134",Film & Animation,2012
398,etvteluguindia,"1,85,00,000","21,33,49,41,386","1,18,601",Entertainment,2010
399,CKN,"1,85,00,000","11,92,58,25,823",473,Entertainment,2015
400,shakiraVEVO,"1,84,00,000","23,68,91,86,601",191,Music,2009
401,Shorts Break,"1,84,00,000","12,77,11,52,207",351,Comedy,2021
402,Farruko,"1,84,00,000","9,02,00,45,767",204,Music,2009
403,TheWillyrex,"1,84,00,000","6,97,79,25,438","6,819",Comedy,2011
404,Познаватель,"1,83,00,000","9,10,76,60,642",499,Entertainment,2014
405,Little Angel Español - Canciones Infantiles,"1,83,00,000","8,95,97,49,076",639,Education,2018
406,Dan-Sa / Daniel Saboya,"1,83,00,000","6,32,80,88,383","2,378",Music,2007
407,PDK Films,"1,83,00,000","4,00,22,76,841",110,Entertainment,2009
408,Vsauce,"1,83,00,000","2,52,74,03,149",414,Science & Technology,2007
409,Bizarrap,"1,82,00,000","6,19,70,13,583",81,Comedy,2017
410,MrBeast 2,"1,82,00,000","2,70,42,43,391",107,People & Blogs,2020
411,7clouds,"1,82,00,000","13,04,12,83,902","2,187",Music,2013
412,Unbox Therapy,"1,82,00,000","4,41,36,53,121","2,096",Science & Technology,2010
413,INCRÍVEL,"1,82,00,000","3,12,08,13,439","6,192",People & Blogs,2017
414,That Little Puff,"1,81,00,000","15,90,88,01,249",648,Pets & Animals,2020
415,GEN HALILINTAR,"1,81,00,000","3,22,58,23,404",999,Entertainment,2015
416,Sony AATH,"1,81,00,000","12,39,57,13,325","16,520",Shows,2013
417,SOMOY TV,"1,81,00,000","10,66,36,06,796","1,22,409",News & Politics,2015
418,Good Mythical Morning,"1,81,00,000","8,42,32,56,648","3,123",Entertainment,2008
419,Ali-A,"1,81,00,000","5,87,68,45,993","4,009",Gaming,2006
420,TED-Ed,"1,81,00,000","3,46,15,55,664","2,006",Education,2011
421,Naisa Alifia Yuriza (N.A.Y),"1,81,00,000","2,72,11,17,176","1,511",People & Blogs,2017
422,Like Nastya Vlog,"1,81,00,000","7,82,95,92,220",445,People & Blogs,2016
423,Marmok,"1,81,00,000","3,28,26,82,574",356,Gaming,2008
424,RsiamMusic : อาร์สยาม,"1,80,00,000","11,23,61,93,123","2,775",Music,2011
425,Masha e o Urso,"1,80,00,000","7,70,84,04,844",952,Shows,2016
426,David Dobrik,"1,80,00,000","7,13,38,19,223",536,People & Blogs,2014
427,RKD Studios,"1,80,00,000","4,83,04,69,564",721,Entertainment,2014
428,Zach Choi ASMR,"1,80,00,000","3,87,93,59,888",742,People & Blogs,2014
429,SUPER SLICK SLIME SAM,"1,80,00,000","6,53,68,86,700",817,Howto & Style,2018
430,GRAMMY GOLD OFFICIAL,"1,79,00,000","19,09,65,10,006","5,960",Music,2014
431,Demi Lovato,"1,79,00,000","6,69,25,28,239",302,Music,2008
432,Vlad and Niki ESP,"1,79,00,000","6,84,09,34,495",461,https://us.youtubers.me/global/all/top-1000-most_subscribed-youtube-channels,2018
433,YOLO,"1,78,00,000","1,04,54,73,522",181,Comedy,2015
434,Lele Pons,"1,78,00,000","5,06,48,80,709",190,Comedy,2015
435,ArianaGrandeVevo,"1,78,00,000","19,53,63,73,590",177,Music,2010
436,Mother Goose Club Playhouse,"1,78,00,000","15,85,53,44,146","1,355",Shows,2009
437,officialpsy,"1,78,00,000","10,27,82,57,112",123,Music,2010
438,Sebastián Yatra,"1,78,00,000","9,89,69,53,778",223,News & Politics,2013
439,TheGrefg,"1,78,00,000","6,22,41,59,661","3,423",Gaming,2012
440,Lil Pump,"1,78,00,000","4,15,10,57,085",60,Music,2015
441,LIV Crime,"1,77,00,000","9,08,76,66,286","6,847",People & Blogs,2020
442,Dhar Mann,"1,77,00,000","10,10,61,44,506",780,People & Blogs,2018
443,SQUEEZIE,"1,77,00,000","9,61,53,43,524","1,496",Gaming,2011
444,RobleisIUTU,"1,76,00,000","4,94,58,31,582","1,209",Entertainment,2013
445,Sidemen,"1,76,00,000","4,75,74,29,214",288,Entertainment,2015
446,شبكة العاب العرب | Arab Games Network,"1,76,00,000","8,21,47,55,372","5,854",Gaming,2013
447,Porta dos Fundos,"1,76,00,000","7,50,77,70,910","2,084",Entertainment,2012
448,unknown boy varun,"1,76,00,000","6,71,18,38,849",306,Music,2016
449,Goldmines Great Indian Comedy,"1,76,00,000","4,71,86,31,830","2,240",Film & Animation,2016
450,JFlaMusic,"1,76,00,000","3,74,02,27,273",313,Music,2011
451,FactTechz,"1,76,00,000","2,17,47,14,518",629,Entertainment,2016
452,Alan Chikin Chow,"1,75,00,000","18,75,18,98,909",665,Comedy,2020
453,Dangal TV Channel,"1,75,00,000","10,63,41,49,767","13,585",Entertainment,2017
454,Shemaroo Comedy,"1,75,00,000","5,52,18,57,617","3,909",Entertainment,2007
455,Triggered Insaan,"1,75,00,000","2,89,01,43,198",279,Comedy,2014
456,Fede Vigevani,"1,75,00,000","5,61,81,39,731",938,Howto & Style,2009
457,Stubborn Facts,"1,74,00,000","88,24,43,900",256,Film & Animation,2016
458,Smile Family Spanish,"1,74,00,000","6,61,31,90,306",391,https://us.youtubers.me/global/all/top-1000-most_subscribed-youtube-channels,2019
459,Manual do Mundo,"1,74,00,000","3,69,53,46,065","2,266",Howto & Style,2006
460,Jane ASMR 제인,"1,73,00,000","6,92,62,01,406","1,719",https://us.youtubers.me/global/all/top-1000-most_subscribed-youtube-channels,2012
461,李子柒 Liziqi,"1,73,00,000","2,88,50,85,503",128,Howto & Style,2017
462,PopularMMOs,"1,72,00,000","14,52,45,39,590","4,685",Gaming,2012
463,SonyMusicSouthVEVO,"1,72,00,000","16,47,54,40,230","5,392",Music,2014
464,IGN,"1,72,00,000","15,29,80,75,378","1,52,548",Gaming,2006
465,الـريماس - Al-Remas,"1,72,00,000","10,98,79,05,421","2,106",Music,2013
466,Jason Derulo,"1,72,00,000","9,15,32,96,657",496,Music,2008
467,Zuni and Family,"1,72,00,000","6,38,45,71,384",190,People & Blogs,2017
468,Liza Koshy,"1,72,00,000","2,60,70,19,595",189,Comedy,2013
469,Willyrex,"1,71,00,000","4,91,08,25,286","7,169",Gaming,2009
470,Blippi - Educational Videos for Kids,"1,71,00,000","13,95,99,24,964",559,Education,2014
471,HowToBasic,"1,71,00,000","3,61,77,67,355",568,Howto & Style,2011
472,Akshay Nagwadiya,"1,70,00,000","5,98,96,66,543",421,Entertainment,2017
473,LuisFonsiVEVO,"1,70,00,000","14,25,33,57,504",96,Music,2009
474,Gaby and Alex,"1,70,00,000","8,04,09,40,941",353,Entertainment,2012
475,zbing z.,"1,70,00,000","8,75,06,98,468","2,944",Gaming,2014
476,Anitta,"1,70,00,000","6,99,95,95,709",112,Music,2011
477,EeOneGuy,"1,70,00,000","3,81,63,02,459",366,Entertainment,2013
478,Katie Angel,"1,70,00,000","3,44,25,81,311",828,People & Blogs,2015
479,tanboy kun,"1,70,00,000","3,34,66,10,028",659,People & Blogs,2016
480,Ben Azelart,"1,69,00,000","3,25,36,91,948",267,Film & Animation,2014
481,Guava Juice,"1,69,00,000","8,96,03,60,548","1,849",Gaming,2006
482,Busy Fun Ltd,"1,69,00,000","6,71,23,53,097",176,https://us.youtubers.me/global/all/top-1000-most_subscribed-youtube-channels,2019
483,Doggy Doggy Cartoons,"1,68,00,000","6,49,83,60,254","4,723",Entertainment,2012
484,Azhan5star,"1,68,00,000","8,35,10,14,001",507,Entertainment,2021
485,News24,"1,68,00,000","7,20,53,05,527","1,86,542",News & Politics,2014
486,TheBrianMaps,"1,68,00,000","4,24,90,47,639",487,Comedy,2012
487,Apple,"1,68,00,000","94,29,22,750",205,Science & Technology,2005
488,SMOL,"1,68,00,000","18,00,66,04,541","2,813",People & Blogs,2021
489,MissaSinfonia,"1,68,00,000","2,10,32,05,523",231,Comedy,2011
490,Jason Vlogs,"1,67,00,000","8,29,45,04,544",712,Education,2015
491,TRANS TV Official,"1,67,00,000","9,29,35,00,431","1,36,669",Entertainment,2014
492,And TV,"1,67,00,000","13,14,34,95,790","28,646",Entertainment,2015
493,Les' Copaque Production,"1,67,00,000","8,36,31,04,683","1,518",Film & Animation,2009
494,Wow Kidz Action,"1,67,00,000","7,35,12,12,171","1,522",Film & Animation,2017
495,Miley Cyrus,"1,67,00,000","6,58,92,44,611",131,Entertainment,2009
496,Tu COSMOPOLIS,"1,67,00,000","4,98,47,77,868","7,718",People & Blogs,2014
497,DeToxoMoroxo,"1,67,00,000","2,25,47,60,246",514,Entertainment,2012
498,Prajapati News,"1,67,00,000","95,83,55,786","1,242",Comedy,2013
499,Queen Official,"1,66,00,000","10,28,01,90,536",930,Music,2008
500,Like Nastya VNM,"1,66,00,000","9,05,43,29,371",517,Entertainment,2019
501,Spider Slack,"1,66,00,000","9,94,80,34,173",677,Comedy,2020
502,El Reino a Jugar,"1,66,00,000","10,83,44,72,832",923,Education,2015
503,Marques Brownlee,"1,66,00,000","3,32,05,65,650","1,505",Science & Technology,2008
504,Werever2morro,"1,66,00,000","2,78,89,71,456",973,Entertainment,2007
505,Tsuriki Show,"1,66,00,000","24,30,87,98,996","2,158",Entertainment,2019
506,The Game Theorists,"1,65,00,000","3,70,76,82,281",683,Gaming,2009
507,AMARINTV : อมรินทร์ทีวี,"1,65,00,000","11,86,85,64,808","1,02,057",Entertainment,2014
508,VICE,"1,65,00,000","4,41,72,32,834","3,786",Entertainment,2005
509,IDEAS EN 5 MINUTOS,"1,65,00,000","3,60,30,87,973","5,070",Howto & Style,2017
510,Aayu and Pihu Show,"1,64,00,000","8,50,35,59,876",394,Comedy,2017
511,Travis Scott,"1,64,00,000","7,56,11,96,221",13,Music,2013
512,FailArmy,"1,63,00,000","2,47,49,48,866",381,Comedy,2011
513,Pop Chartbusters,"1,63,00,000","8,24,29,19,144","2,184",Music,2011
514,ExtraPolinesios,"1,63,00,000","4,75,77,48,651",494,People & Blogs,2012
515,Kaykai Salaider,"1,63,00,000","4,35,69,42,977",410,Comedy,2011
516,Sandra Cires Art,"1,63,00,000","3,84,66,64,788","1,071",Howto & Style,2011
517,W2S,"1,63,00,000","4,74,27,56,117",652,Gaming,2012
518,PANDA BOI,"1,63,00,000","10,74,24,66,800",798,Entertainment,2020
519,Ivana Alawi,"1,62,00,000","1,23,65,40,816",162,https://us.youtubers.me/global/all/top-1000-most_subscribed-youtube-channels,2018
520,JJ Olatunji,"1,62,00,000","3,91,83,58,139","1,243",Gaming,2011
521,Sagawa /さがわ,"1,62,00,000","13,68,53,63,296","4,602",Entertainment,2021
522,Little Mix,"1,62,00,000","7,28,69,08,606",278,Music,2011
523,Boyce Avenue,"1,62,00,000","6,40,65,28,293",449,Music,2007
524,Gato Galactico | GALÁXIA,"1,62,00,000","6,00,49,59,028","2,376",Film & Animation,2013
525,Kids Play,"1,61,00,000","7,87,84,33,444",568,Entertainment,2018
526,Canal IN,"1,61,00,000","2,63,25,05,818",723,People & Blogs,2017
527,Pitbull,"1,61,00,000","11,96,71,55,018",329,Music,2006
528,With Kids[위드키즈],"1,61,00,000","8,48,57,22,090",868,Entertainment,2012
529,FunFun Toy Doll TV,"1,61,00,000","7,19,63,45,505",716,Entertainment,2016
530,Camila Cabello,"1,61,00,000","6,34,87,29,079",80,Music,2015
531,Matt Stonie,"1,61,00,000","3,41,78,45,312",419,Entertainment,2012
532,Antrax,"1,61,00,000","2,99,62,09,632",675,Gaming,2015
533,Like Nastya IDN,"1,60,00,000","6,88,88,75,020",487,Entertainment,2019
534,RCTI - LAYAR DRAMA INDONESIA,"1,60,00,000","12,74,79,37,025","64,854",Entertainment,2015
535,Jennifer Lopez,"1,60,00,000","9,85,86,63,362",234,Music,2005
536,AdMe,"1,59,00,000","4,25,26,23,917","5,862",Entertainment,2015
537,jeffreestar,"1,59,00,000","2,59,26,51,786",433,Howto & Style,2006
538,DopeLyrics,"1,59,00,000","9,89,40,08,410","1,981",Music,2016
539,Enes Batur,"1,59,00,000","9,61,96,33,601","1,986",Gaming,2012
540,El Payaso Plim Plim,"1,59,00,000","14,40,98,63,239","1,103",Film & Animation,2013
541,SAM SMITH,"1,59,00,000","9,49,57,50,368",158,Music,2012
542,SriBalajiMovies,"1,58,00,000","8,67,12,01,657","17,382",Entertainment,2011
543,Lahari Music | T-Series,"1,58,00,000","11,19,97,13,086","8,490",Music,2011
544,wifistudy,"1,58,00,000","2,92,88,96,155","49,021",Education,2014
545,FitDance,"1,58,00,000","6,85,46,36,069","4,126",Music,2013
546,T3ddy,"1,57,00,000","2,76,58,06,267","1,797",Comedy,2012
547,Technoblade,"1,57,00,000","1,57,08,00,772",989,Gaming,2013
548,Rotten Tomatoes Trailers,"1,57,00,000","12,94,98,35,683","9,944",Film & Animation,2011
549,Ch7HD,"1,57,00,000","8,79,31,90,045","47,605",Entertainment,2010
550,Dyland PROS,"1,57,00,000","1,38,91,42,126","2,275",Entertainment,2015
551,Live,"1,57,00,000",0,0,https://us.youtubers.me/global/all/top-1000-most_subscribed-youtube-channels,2015
552,Caeli YT,"1,56,00,000","1,51,06,67,954",551,Entertainment,2010
553,POPS Kids,"1,56,00,000","9,53,43,15,040","4,607",Music,2014
554,GMMTV OFFICIAL​​,"1,56,00,000","11,55,76,92,368","21,719",Entertainment,2010
555,NMF News,"1,56,00,000","6,78,24,88,106","1,02,935",News & Politics,2013
556,Camilo,"1,56,00,000","6,43,20,24,424",118,Music,2010
557,BBC News Hindi,"1,56,00,000","6,34,28,84,945","18,654",News & Politics,2009
558,News18 India,"1,56,00,000","5,86,05,79,687","1,50,702",News & Politics,2007
559,MSA previously My Story Animated,"1,56,00,000","6,96,30,14,694",956,Film & Animation,2019
560,CoryxKenshin,"1,55,00,000","6,48,39,95,439","1,674",Gaming,2009
561,LEGO,"1,55,00,000","19,69,43,49,295","29,522",Entertainment,2005
562,Дима Масленников,"1,55,00,000","2,22,56,93,980",412,Entertainment,2014
563,Thairath Online,"1,54,00,000","13,36,69,77,081","2,25,893",News & Politics,2010
564,La Rosa de Guadalupe,"1,54,00,000","8,90,19,24,388","6,670",Entertainment,2015
565,Roman Atwood Vlogs,"1,54,00,000","5,46,22,69,239","1,749",People & Blogs,2013
566,LOKESH GAMER,"1,54,00,000","1,59,24,21,777","1,278",Gaming,2017
567,Kerajinan 5-Menit,"1,53,00,000","4,57,65,18,768","3,781",People & Blogs,2018
568,MK MUSIC,"1,53,00,000","8,41,90,62,111","4,854",Music,2010
569,Aphmau,"1,53,00,000","15,16,39,28,090","4,184",Gaming,2012
570,Henrique e Juliano,"1,53,00,000","13,56,50,40,202",312,Music,2009
571,Volga Video,"1,53,00,000","9,50,43,90,823","19,496",Film & Animation,2012
572,Super Senya,"1,53,00,000","4,98,35,04,473",489,Entertainment,2016
573,TWICE,"1,53,00,000","4,38,88,59,333",976,Music,2016
574,Zach King,"1,53,00,000","2,46,05,24,932",409,Entertainment,2013
575,IShowSpeed,"1,53,00,000","1,17,33,40,373","1,217",Gaming,2016
576,5-Minute Crafts FAMILY,"1,53,00,000","5,86,65,31,040","3,803",People & Blogs,2018
577,حِرف إبداعية في 5 دقائق,"1,53,00,000","4,33,44,96,018","4,807",Howto & Style,2017
578,Musas,"1,52,00,000","2,37,65,52,971",612,Howto & Style,2012
579,Harsh Beniwal,"1,52,00,000","1,72,07,82,483",162,Comedy,2015
580,Oyuncak Avı,"1,52,00,000","8,24,49,57,082",625,Entertainment,2014
581,Bollywood Classics,"1,52,00,000","6,49,93,58,216","1,265",Entertainment,2011
582,Talking Tom & Friends,"1,52,00,000","6,38,07,21,763",405,Entertainment,2010
583,Totoy kids - Español,"1,52,00,000","5,44,55,59,517",302,Film & Animation,2017
584,zayn,"1,52,00,000","4,72,13,70,622",14,Music,2016
585,Ranz Kyle,"1,51,00,000","1,72,61,82,121",508,People & Blogs,2008
586,Linus Tech Tips,"1,51,00,000","6,56,69,38,287","6,048",Science & Technology,2008
587,Taarak Mehta Ka Ooltah Chashmah,"1,51,00,000","9,30,56,43,080","3,506",Entertainment,2014
588,Marta and Rustam,"1,51,00,000","16,06,58,18,431",571,Comedy,2021
589,AdeleVEVO,"1,51,00,000","11,91,84,54,879",52,Music,2009
590,Ajay Sharma,"1,51,00,000","10,80,65,73,025",764,Entertainment,2012
591,Team Films Bhojpuri,"1,51,00,000","6,40,95,33,930","20,099",Music,2014
592,Makiman131,"1,51,00,000","4,18,81,72,463","2,987",Gaming,2013
593,TheRichest,"1,51,00,000","2,94,50,21,956","2,286",Education,2014
594,League of Legends,"1,50,00,000","6,91,13,62,560","1,324",Gaming,2009
595,NDTV India,"1,50,00,000","6,25,14,04,518","76,615",News & Politics,2008
596,Arif muhammad,"1,50,00,000","3,71,72,14,603",480,People & Blogs,2017
597,Mariale,"1,50,00,000","2,67,04,73,667","2,087",Howto & Style,2010
598,Niana Guerrero,"1,50,00,000","1,42,01,88,529",416,Entertainment,2013
599,Dave and Ava - Nursery Rhymes and Baby Songs,"1,50,00,000","10,21,87,45,464",779,Education,2014
600,Unspeakable,"1,50,00,000","8,23,02,19,714",713,Gaming,2016
601,НТВ,"1,49,00,000","4,39,098",1,People & Blogs,2008
602,BIGBANG,"1,49,00,000","7,57,79,47,855",776,Music,2005
603,Lyna,"1,49,00,000","6,16,87,42,287","4,674",Gaming,2014
604,Zee Music Classic,"1,49,00,000","5,43,80,12,566","1,292",Music,2014
605,Daftar Populer,"1,49,00,000","2,01,34,68,687","3,336",Education,2017
606,Mobile Legends: Bang Bang Official,"1,49,00,000","2,99,41,45,139","3,194",Gaming,2016
607,It's Mamix,"1,48,00,000","1,68,70,36,510",210,People & Blogs,2017
608,Vlad and Niki ARA,"1,48,00,000","6,90,41,16,984",456,https://us.youtubers.me/global/all/top-1000-most_subscribed-youtube-channels,2019
609,Kwebbelkop,"1,48,00,000","6,74,51,21,120","5,094",Gaming,2008
610,Genierock,"1,48,00,000","13,96,84,97,628","1,612",Music,2008
611,Zé Neto e Cristiano,"1,48,00,000","10,78,31,79,824",276,Music,2012
612,UFC - Ultimate Fighting Championship,"1,48,00,000","6,01,80,53,330","13,234",Sports,2006
613,Lachlan,"1,48,00,000","5,13,21,97,532","3,754",Gaming,2013
614,ERB,"1,48,00,000","3,96,74,26,418",86,Entertainment,2006
615,iTownGamePlay *Terror&Diversión*,"1,48,00,000","4,87,89,15,354","8,034",Entertainment,2012
616,Reaction Time,"1,47,00,000","4,25,05,94,230","1,691",Entertainment,2015
617,Fueled By Ramen,"1,47,00,000","12,97,93,51,082","1,201",Music,2006
618,Major Lazer Official,"1,47,00,000","9,11,98,67,025",415,Music,2009
619,Jorge & Mateus Oficial,"1,47,00,000","8,53,11,97,930",315,Music,2008
620,Blippi Español,"1,47,00,000","8,36,51,45,978",502,People & Blogs,2017
621,How Ridiculous,"1,47,00,000","7,03,88,64,747",611,Sports,2009
622,Planeta das Gêmeas,"1,47,00,000","4,56,14,78,126",925,People & Blogs,2015
623,MattyBRaps,"1,47,00,000","3,43,31,81,614",188,Music,2010
624,The Slow Mo Guys,"1,47,00,000","2,41,90,17,151",306,Entertainment,2010
625,CollegeHumor,"1,46,00,000","7,41,73,60,246","4,234",Comedy,2006
626,حقائق وأسرار,"1,46,00,000","2,20,54,84,273","1,343",Entertainment,2016
627,IDEIAS INCRÍVEIS,"1,46,00,000","3,52,65,99,957","5,055",Howto & Style,2017
628,Dear Sir,"1,46,00,000","1,14,23,89,053",538,Education,2016
629,XpressTV,"1,46,00,000","3,77,68,46,510",661,Entertainment,2014
630,LeoNata Family,"1,46,00,000","20,30,80,04,462","1,767",People & Blogs,2021
631,CNN,"1,46,00,000","13,16,33,10,550","1,57,647",News & Politics,2005
632,ABS-CBN News,"1,46,00,000","9,93,80,76,313","1,83,459",News & Politics,2009
633,PlayStation,"1,46,00,000","4,48,93,17,917","18,950",Gaming,2005
634,Lilly Singh,"1,46,00,000","3,48,96,63,353",920,Comedy,2010
635,Canal Nostalgia,"1,46,00,000","1,47,09,03,214",417,Entertainment,2008
636,les boys tv2,"1,46,00,000","4,52,77,81,812",441,Entertainment,2017
637,Maha Fun Tv,"1,46,00,000","1,22,97,82,720",44,Entertainment,2017
638,O Canal do Joãozinho - Little Angel Português,"1,46,00,000","8,19,88,66,613",706,Entertainment,2018
639,Kuplinov ► Play,"1,46,00,000","6,25,06,33,875","6,485",Gaming,2012
640,Chad Wild Clay,"1,45,00,000","6,53,11,94,335",669,Comedy,2006
641,EdisonPts,"1,45,00,000","6,09,02,58,521","3,571",Gaming,2013
642,Yoeslan,"1,45,00,000","12,21,86,89,931",404,Entertainment,2020
643,LEGENDA FUNK,"1,45,00,000","1,31,49,16,113","2,389",Music,2013
644,Drawblogs,"1,45,00,000","1,71,26,21,922",400,Entertainment,2014
645,Fifth Harmony,"1,45,00,000","7,72,93,23,881",67,Music,2013
646,Martin Garrix,"1,45,00,000","5,78,19,32,607",342,Music,2011
647,Boram Tube ToysReview [보람튜브 토이리뷰],"1,45,00,000","4,97,00,86,311",591,People & Blogs,2016
648,Daily Dose Of Internet,"1,45,00,000","4,75,96,10,926",451,Entertainment,2015
649,Hongyu ASMR 홍유,"1,45,00,000","4,73,14,22,538",585,People & Blogs,2018
650,FC Barcelona,"1,45,00,000","2,39,27,38,126","10,386",Sports,2006
651,Gyan Gamingㅤ,"1,45,00,000","2,17,01,63,026","2,759",Gaming,2017
652,Maroon5VEVO,"1,45,00,000","19,45,18,08,105",143,Music,2009
653,SelenaGomezVEVO,"1,45,00,000","10,80,83,95,899",186,Music,2009
654,Jake Fellman,"1,44,00,000","11,09,31,15,317",425,Entertainment,2012
655,Hear This Music,"1,44,00,000","8,91,25,03,027",39,Music,2016
656,Kim Loaiza,"1,44,00,000","1,34,58,39,890",15,Music,2019
657,Super Polina,"1,44,00,000","4,76,95,79,782",544,People & Blogs,2014
658,A2 Motivation by Arvind Arora,"1,44,00,000","5,73,31,32,609","2,061",Entertainment,2017
659,ช่อง8 : Thai Ch8,"1,44,00,000","5,63,86,64,089","24,388",Entertainment,2011
660,DM - Desi Melodies,"1,44,00,000","5,38,83,94,805",55,Music,2017
661,Mohamed Ramadan I محمد رمضان,"1,44,00,000","4,96,71,67,049",601,People & Blogs,2014
662,Jordan Matter,"1,44,00,000","4,54,90,54,595",387,Entertainment,2006
663,Rclbeauty101,"1,44,00,000","3,88,23,97,491",462,Comedy,2010
664,Cyprien,"1,44,00,000","3,05,59,47,897",212,Comedy,2007
665,انصالة فاميلي I أنس و أصالة,"1,44,00,000","3,01,64,01,555",395,Entertainment,2017
666,Bispo Bruno Leonardo,"1,44,00,000","2,66,83,91,636","4,175",Nonprofits & Activism,2016
667,CrashCourse,"1,44,00,000","1,76,68,41,770","1,458",Education,2006
668,ГЛЕНТ,"1,43,00,000","1,29,86,47,040",272,People & Blogs,2019
669,Mazhavil Manorama,"1,43,00,000","15,03,22,05,882","78,669",Entertainment,2011
670,50 Cent,"1,43,00,000","9,32,60,00,286",417,Music,2007
671,SIS vs BRO,"1,43,00,000","6,88,03,42,887",358,Entertainment,2016
672,Трум Трум,"1,43,00,000","6,59,36,21,634","2,108",Howto & Style,2015
673,SRK MUSIC,"1,43,00,000","5,94,11,01,813","4,971",Music,2012
674,Camila Loures,"1,43,00,000","4,40,47,26,516","3,688",Music,2014
675,Rosanna Pansino,"1,43,00,000","4,37,40,08,476","1,106",Howto & Style,2010
676,Auron,"1,43,00,000","3,01,93,45,430",838,People & Blogs,2013
677,5-Minute Crafts Recycle,"1,42,00,000","8,28,06,23,350","3,266",People & Blogs,2019
678,Invento na Hora,"1,42,00,000","3,95,49,15,463","1,232",Film & Animation,2014
679,Doc Tops,"1,42,00,000","2,51,69,08,404",457,Entertainment,2014
680,Disney Junior,"1,42,00,000","13,99,15,53,391","3,643",Entertainment,2008
681,KOMPASTV,"1,42,00,000","10,91,06,67,115","2,45,453",News & Politics,2013
682,MNCTV OFFICIAL,"1,42,00,000","7,68,32,42,415","58,581",Entertainment,2012
683,Infobells Bangla,"1,42,00,000","6,92,69,02,432",309,Education,2016
684,Saad Lamjarred | سعد لمجرد,"1,42,00,000","4,11,57,40,719",158,Music,2012
685,The MriDul,"1,42,00,000","4,04,77,24,263",98,Comedy,2015
686,#Refugio Mental,"1,41,00,000","3,54,43,00,212",764,Entertainment,2013
687,NikkieTutorials,"1,41,00,000","1,67,23,30,718",866,Howto & Style,2008
688,Mis Pastelitos,"1,41,00,000","2,51,45,96,947",556,Howto & Style,2014
689,F2Freestylers - Ultimate Soccer Skills Channel,"1,41,00,000","3,21,05,51,602",769,Sports,2011
690,Мастерская Настроения,"1,41,00,000","3,80,80,39,710",963,Entertainment,2013
691,MalumaVEVO,"1,41,00,000","18,43,67,16,176",177,Music,2011
692,Aadishakti Films,"1,41,00,000","6,10,27,79,731","4,706",Music,2016
693,Katakit Baby TV,"1,41,00,000","5,81,19,45,530",196,Music,2010
694,Trap City,"1,41,00,000","5,00,45,80,463","2,638",Music,2012
695,melanie martinez,"1,41,00,000","4,02,87,48,305",96,Music,2007
696,Harry Styles,"1,40,00,000","5,08,37,56,024",14,People & Blogs,2017
697,Zig & Sharko,"1,40,00,000","8,68,39,56,869",898,Film & Animation,2015
698,PrestonPlayz,"1,40,00,000","5,19,54,37,365",801,Gaming,2018
699,AM3NlC,"1,40,00,000","4,88,91,42,949","5,614",Gaming,2012
700,Like Nastya Stories,"1,40,00,000","6,63,89,37,132",418,Entertainment,2019
701,ABC News,"1,40,00,000","12,26,61,50,289","76,462",News & Politics,2006
702,O Reino Infantil,"1,40,00,000","10,51,80,46,735","1,120",Music,2014
703,Telemundo,"1,40,00,000","8,20,22,34,385","18,798",Entertainment,2007
704,TazerCraft,"1,40,00,000","5,48,81,53,625","4,066",Gaming,2011
705,Bie The Ska,"1,40,00,000","4,49,87,85,156","1,448",Entertainment,2006
706,Juliana Baltar,"1,40,00,000","3,48,56,53,689","1,669",Entertainment,2010
707,GMM25Thailand,"1,40,00,000","8,82,18,03,304","60,211",Entertainment,2011
708,Neha Kakkar,"1,39,00,000","1,96,62,60,662",146,Music,2012
709,PowerfulJRE,"1,39,00,000","2,67,41,35,169",887,People & Blogs,2013
710,Ishaan Ali 11,"1,39,00,000","8,83,52,20,816",710,People & Blogs,2016
711,ماشا و الدب,"1,39,00,000","7,22,39,14,427",844,Shows,2017
712,tuzelity SHUFFLE,"1,39,00,000","6,14,28,42,116",782,People & Blogs,2015
713,DangMattSmith,"1,39,00,000","3,21,97,97,084","1,534",Entertainment,2011
714,NOBRU,"1,39,00,000","26,14,99,585",427,Gaming,2016
715,T-Series Hamaar Bhojpuri,"1,39,00,000","6,84,69,76,290","9,548",Entertainment,2011
716,Darkar Company Studios,"1,38,00,000","2,21,45,43,452",178,Film & Animation,2009
717,ZEE5,"1,38,00,000","17,18,96,78,828","89,656",Entertainment,2018
718,Sony Music South,"1,38,00,000","8,54,90,20,227","2,275",Music,2014
719,Ray William Johnson,"1,38,00,000","8,20,25,21,798","1,535",Entertainment,2008
720,Wish 107.5,"1,38,00,000","5,65,83,98,807","1,673",Music,2014
721,ADEL et SAMI,"1,38,00,000","5,21,65,26,296",422,Entertainment,2018
722,Coke Studio,"1,38,00,000","3,69,22,21,584",560,Music,2014
723,Narins Beauty,"1,38,00,000","2,14,75,05,352",422,Howto & Style,2014
724,MAIKI021,"1,37,00,000","1,91,61,75,410","3,162",Entertainment,2008
725,TV Ana Emilia,"1,37,00,000","4,52,57,13,851",577,People & Blogs,2014
726,FFUNTV,"1,37,00,000","10,60,83,45,270",376,Gaming,2018
727,Danny Fitt,"1,37,00,000","8,12,29,82,712","1,869",People & Blogs,2016
728,BBC News,"1,37,00,000","4,24,81,50,214","17,513",News & Politics,2006
729,Narendra Modi,"1,37,00,000","2,80,02,40,852","18,491",News & Politics,2007
730,Wengie,"1,36,00,000","1,88,91,99,744",414,Howto & Style,2010
731,PlayHard,"1,36,00,000","2,01,95,71,122","2,211",Gaming,2014
732,StudyIQ IAS,"1,36,00,000","3,50,48,32,993","39,036",Education,2015
733,Gallina Pintadita,"1,36,00,000","9,26,87,04,548",61,Music,2011
734,Wesley Safadão,"1,36,00,000","7,72,64,22,032",421,Music,2009
735,Crazy Frog,"1,36,00,000","7,39,98,61,178",37,Music,2009
736,infobells,"1,36,00,000","5,07,51,66,188",468,Education,2011
737,123 GO! Spanish,"1,36,00,000","4,87,12,05,567",420,People & Blogs,2019
738,MyMissAnand,"1,35,00,000","4,75,20,29,228",301,People & Blogs,2014
739,Atlantic Records,"1,35,00,000","11,99,99,86,364","1,492",Music,2006
740,dednahype,"1,35,00,000","13,75,76,29,009","1,210",Comedy,2020
741,ETV Jabardasth,"1,35,00,000","12,78,90,57,206","8,540",People & Blogs,2015
742,Sony LIV,"1,35,00,000","6,51,68,46,097","9,792",Entertainment,2014
743,FAPTV,"1,35,00,000","5,23,41,44,005",679,Comedy,2014
744,Lindsey Stirling,"1,35,00,000","3,65,94,66,058",197,Music,2007
745,The World Adventures हिन्दी,"1,35,00,000","2,12,99,01,800",935,People & Blogs,2016
746,JD Pantoja,"1,35,00,000","1,42,64,82,050",16,People & Blogs,2017
747,Netflix Jr.,"1,34,00,000","8,14,47,34,008","1,733",Education,2012
748,Поззи,"1,34,00,000","6,63,18,47,487","3,116",People & Blogs,2012
749,Rebecca Zamolo,"1,34,00,000","5,50,40,71,291",903,Comedy,2011
750,AzzyLand,"1,34,00,000","6,13,00,84,420","1,629",Gaming,2015
751,Desi Gamers,"1,34,00,000","2,03,02,27,951","1,315",Gaming,2015
752,H2ODelirious,"1,33,00,000","4,28,67,67,975","3,286",Gaming,2007
753,Crescendo com Luluca,"1,33,00,000","4,64,64,60,697","1,203",Entertainment,2015
754,T-Series Regional,"1,33,00,000","4,95,86,56,890","15,041",Entertainment,2011
755,Veritasium,"1,33,00,000","1,95,85,82,942",350,Education,2010
756,Conor Maynard,"1,33,00,000","2,66,53,97,983",284,Music,2006
757,jbalvinVEVO,"1,33,00,000","20,21,97,08,239",235,Music,2010
758,Saturday Night Live,"1,33,00,000","14,09,55,34,282","8,159",Entertainment,2013
759,The Q,"1,33,00,000","4,17,98,24,130",288,People & Blogs,2017
760,Kurt Hugo Schneider,"1,33,00,000","3,70,58,91,507",692,Entertainment,2007
761,Anaysa,"1,33,00,000","3,28,38,73,970",513,Howto & Style,2012
762,NishaMadhulika,"1,33,00,000","2,79,53,05,843","2,104",Howto & Style,2009
763,BBC,"1,32,00,000","9,29,67,38,948","14,156",Pets & Animals,2005
764,Zee Telugu,"1,32,00,000","9,26,59,94,462","1,04,189",Entertainment,2008
765,karameeshchannel,"1,32,00,000","8,88,32,92,835","2,178",Entertainment,2012
766,Meghan Trainor,"1,32,00,000","7,82,22,30,597",148,People & Blogs,2008
767,theRadBrad,"1,32,00,000","5,93,22,90,734","7,961",Gaming,2006
768,Jazzghost,"1,32,00,000","5,07,83,16,051","5,312",Gaming,2012
769,VexTrex,"1,31,00,000","7,73,64,04,007","3,500",Entertainment,2014
770,Brawl Stars,"1,31,00,000","1,94,49,61,599",155,Gaming,2017
771,Matt Steffanina,"1,31,00,000","3,14,03,52,689",523,Entertainment,2011
772,JOJO TV - Hindi Stories,"1,31,00,000","4,95,52,37,714","1,006",Education,2016
773,Typical Gamer,"1,31,00,000","4,07,21,34,308","4,069",Gaming,2008
774,أترو/Atro,"1,31,00,000","2,24,41,81,201","1,712",Gaming,2017
775,O Que Não Dizer Oficial,"1,31,00,000","1,72,36,01,563",574,Comedy,2015
776,Jamuna TV,"1,31,00,000","10,95,84,57,763","97,033",News & Politics,2017
777,Kids TV India Hindi Nursery Rhymes,"1,31,00,000","6,19,48,17,833","1,272",Shows,2014
778,The LaBrant Fam,"1,31,00,000","4,57,71,61,512",595,Comedy,2012
779,ATHLEAN-X™,"1,31,00,000","2,23,36,27,821","1,314",Howto & Style,2006
780,DALLMYD,"1,31,00,000","1,77,34,15,670",393,Sports,2011
781,Alex Gonzaga Official,"1,31,00,000","1,36,02,73,293",252,People & Blogs,2017
782,Come Play With Me,"1,31,00,000","15,47,43,14,657",386,Entertainment,2014
783,Lady Diana,"1,31,00,000","7,81,45,17,029","1,346",Entertainment,2016
784,sagar kalra (Shorts),"1,30,00,000","5,48,34,28,689",401,People & Blogs,2017
785,Think Music India,"1,30,00,000","9,95,89,47,026","4,452",Music,2009
786,Hacksmith Industries,"1,30,00,000","1,40,86,49,134",791,Science & Technology,2006
787,Matheus Yurley,"1,30,00,000","13,94,50,407",68,Entertainment,2015
788,CookingShooking Hindi,"1,30,00,000","1,68,43,87,848",393,People & Blogs,2017
789,Mythpat,"1,30,00,000","2,79,29,17,860",337,Entertainment,2018
790,Calon Sarjana,"1,30,00,000","1,06,64,585",29,Entertainment,2016
791,Everson Zoio,"1,30,00,000","1,00,43,12,062",594,Comedy,2009
792,Zee Bangla,"1,30,00,000","8,09,59,47,007","1,01,353",Entertainment,2008
793,RedeTV,"1,30,00,000","5,24,35,38,335","33,816",Entertainment,2011
794,twenty one pilots,"1,30,00,000","4,94,04,73,759",182,Music,2009
795,Ei Nerd,"1,30,00,000","3,39,88,36,213","5,651",Entertainment,2013
796,Goldmines Premiere,"1,30,00,000","1,78,15,66,597",653,Entertainment,2013
797,DJ Khaled,"1,29,00,000","6,40,59,35,489",59,Music,2018
798,Mrwhosetheboss,"1,29,00,000","2,52,23,65,187","1,488",Science & Technology,2011
799,Top Viral Talent,"1,29,00,000","3,84,78,00,217","1,865",Entertainment,2014
800,EnriqueIglesiasVEVO,"1,29,00,000","15,01,85,95,817",136,Music,2009
801,Colors Rishtey,"1,29,00,000","10,73,91,83,295","18,371",Entertainment,2013
802,RS 1313 SHORTS,"1,29,00,000","6,76,76,80,381","4,660",Entertainment,2020
803,Компот,"1,29,00,000","6,68,71,18,830","2,025",Gaming,2013
804,Lana Del Rey,"1,29,00,000","6,18,38,50,559",40,Music,2011
805,Awakening Music,"1,29,00,000","5,19,65,01,306",745,Music,2006
806,Hungria Hip Hop,"1,29,00,000","4,29,60,55,045",50,Music,2013
807,The Shiny Peanut,"1,29,00,000","2,84,08,70,688","2,337",Education,2016
808,DeGoBooM,"1,29,00,000","5,25,77,49,726","3,394",Gaming,2014
809,Peppa Pig em Português Brasil - Canal Oficial,"1,28,00,000","4,05,55,56,450","1,231",Film & Animation,2014
810,BeyoncéVEVO,"1,28,00,000","13,66,29,97,727",169,Music,2009
811,#Refúgio Mental,"1,28,00,000","2,65,95,24,359",819,Entertainment,2013
812,Trakin Tech,"1,28,00,000","2,02,49,06,006","3,450",Science & Technology,2011
813,Kabita's Kitchen,"1,28,00,000","2,51,63,52,711","1,329",Howto & Style,2014
814,BIBO와 장난감,"1,28,00,000","3,08,54,12,541",170,Entertainment,2016
815,7 Minutoz,"1,28,00,000","4,15,38,44,467",521,Music,2012
816,Knowledge Tv हिन्दी,"1,28,00,000","1,76,83,76,077","1,692",People & Blogs,2014
817,MrSuicideSheep,"1,28,00,000","6,85,72,30,232","3,338",Entertainment,2010
818,Ami Rodriguez,"1,28,00,000","2,08,18,91,117",377,Entertainment,2009
819,E-MasterSensei,"1,28,00,000","3,58,78,73,026","1,228",Gaming,2016
820,Geo News,"1,28,00,000","4,92,54,51,240","1,72,983",News & Politics,2007
821,GMA News,"1,28,00,000","11,22,02,55,933","3,42,802",News & Politics,2007
822,Codiscos,"1,28,00,000","10,76,34,57,454","7,174",Music,2007
823,Blockbuster Movies,"1,28,00,000","2,51,50,63,658",463,Entertainment,2016
824,TV9 Bharatvarsh,"1,28,00,000","8,73,69,36,076","2,33,127",People & Blogs,2018
825,The Dodo,"1,28,00,000","8,68,32,76,984","7,397",Pets & Animals,2014
826,Luli Pampín,"1,28,00,000","7,12,86,16,807",246,Music,2012
827,The Infographics Show,"1,28,00,000","4,87,21,69,397","3,817",Education,2011
828,Lokdhun Punjabi,"1,28,00,000","4,55,25,63,710","1,400",Music,2010
829,Sonotek Bhakti,"1,28,00,000","3,90,22,73,032","7,752",Entertainment,2010
830,Indore Physical Academy,"1,28,00,000","3,62,41,79,675","1,512",People & Blogs,2014
831,Wolfoo Channel,"1,28,00,000","3,38,44,74,222",623,https://us.youtubers.me/global/all/top-1000-most_subscribed-youtube-channels,2019
832,Yudist Ardhana,"1,27,00,000","4,86,20,85,005","2,414",Entertainment,2016
833,RaptorGamer,"1,27,00,000","2,70,47,63,663","1,303",People & Blogs,2016
834,Kids Line♡キッズライン,"1,27,00,000","11,19,83,18,568","2,783",People & Blogs,2011
835,JesseAndMike,"1,27,00,000","9,48,14,36,539",656,Entertainment,2007
836,Влад и Никита,"1,27,00,000","7,75,15,85,555",449,https://us.youtubers.me/global/all/top-1000-most_subscribed-youtube-channels,2018
837,Troom Troom India,"1,27,00,000","6,60,84,76,174","2,199",Howto & Style,2015
838,My Mate Nate,"1,27,00,000","3,00,86,38,341","1,107",Comedy,2014
839,gymvirtual,"1,27,00,000","2,43,05,26,081","1,500",Sports,2010
840,Davie504,"1,26,00,000","2,49,81,75,486",806,Entertainment,2011
841,NickiMinajAtVEVO,"1,26,00,000","8,61,70,68,421",98,Music,2010
842,Луномосик,"1,26,00,000","5,84,85,62,902",538,People & Blogs,2015
843,Blossom,"1,26,00,000","4,52,78,50,608",674,Howto & Style,2017
844,Adexe & Nau,"1,26,00,000","4,51,40,74,611",582,Music,2013
845,BanderitaX,"1,26,00,000","3,69,03,36,615","1,559",Gaming,2013
846,Technology Gyan,"1,26,00,000","1,03,16,37,100",969,Science & Technology,2015
847,Health Time,"1,26,00,000","99,23,61,227","1,687",Howto & Style,2016
848,Melon City Show - برنامج ولاية بطيخ,"1,26,00,000","5,69,27,61,946","1,715",Comedy,2016
849,WiederDude,"1,25,00,000","2,45,47,05,246",281,https://us.youtubers.me/global/all/top-1000-most_subscribed-youtube-channels,2016
850,elliegoulding,"1,25,00,000","6,75,10,07,251",155,Music,2007
851,TKOR,"1,25,00,000","3,36,18,80,534","1,481",Education,2010
852,Vogue,"1,25,00,000","3,77,61,03,044","2,877",Entertainment,2008
853,Ja Mill,"1,25,00,000","1,30,28,18,088",567,People & Blogs,2016
854,Priyal Kukreja,"1,25,00,000","7,98,43,81,092",613,People & Blogs,2021
855,Little Baby Bum en Español,"1,25,00,000","6,85,00,21,546","1,316",Education,2014
856,Republic Bharat,"1,25,00,000","5,97,38,35,941","64,600",News & Politics,2019
857,Parafernalha,"1,25,00,000","4,58,27,63,542","1,721",Entertainment,2011
858,Talking Angela,"1,25,00,000","3,43,32,10,811",217,Entertainment,2014
859,CaseyNeistat,"1,25,00,000","3,10,74,26,903","1,089",People & Blogs,2010
860,Piuzinho,"1,25,00,000","1,05,46,26,166",478,Gaming,2015
861,SAAIHALILINTAR,"1,25,00,000","1,10,86,03,203",408,Entertainment,2012
862,Jass Records,"1,25,00,000","5,64,97,39,561","4,968",Music,2014
863,LOUD,"1,24,00,000","2,35,89,86,498","1,155",Gaming,2019
864,Koray Zeynep,"1,24,00,000","14,69,50,12,005","12,655",People & Blogs,2016
865,Heidi and Zidane HZHtube,"1,24,00,000","3,60,62,70,407",681,Entertainment,2015
866,DisneyChannelUK,"1,24,00,000","11,82,11,16,201","3,284",Music,2007
867,Rauw Alejandro,"1,24,00,000","10,41,89,76,938",141,Music,2014
868,Future,"1,24,00,000","9,32,80,21,218",59,Music,2011
869,Just For Laughs Gags,"1,24,00,000","7,88,60,65,029","7,278",Comedy,2007
870,Heroindori,"1,24,00,000","6,48,73,69,114",336,Comedy,2020
871,Duo Tiempo De Sol,"1,24,00,000","6,25,61,44,602",301,Music,2013
872,infobells - Kannada,"1,24,00,000","5,74,40,88,014",379,Education,2014
873,Troom Troom PT,"1,24,00,000","4,30,21,09,080","2,553",Howto & Style,2015
874,Gibby :),"1,24,00,000","2,81,41,18,004",216,People & Blogs,2014
875,People Vs Food,"1,24,00,000","1,05,07,13,750",479,Entertainment,2013
876,Wolfoo Family,"1,24,00,000","3,12,00,45,865",631,https://us.youtubers.me/global/all/top-1000-most_subscribed-youtube-channels,2019
877,Eli Kids - Cartoons & Songs,"1,23,00,000","3,71,58,71,927",457,https://us.youtubers.me/global/all/top-1000-most_subscribed-youtube-channels,2018
878,Migos ATL,"1,23,00,000","6,69,03,82,235",100,Music,2012
879,Acenix,"1,23,00,000","1,85,24,21,314",304,Gaming,2014
880,Más SKabeche,"1,23,00,000","2,95,54,50,684",697,Travel & Events,2015
881,SR Toys Collection,"1,23,00,000","4,01,80,76,796",984,Entertainment,2012
882,办公室小野 Ms Yeah,"1,23,00,000","3,88,86,68,815",400,People & Blogs,2017
883,웃웃TwinsFromRussia,"1,23,00,000","8,67,08,99,572","5,382",People & Blogs,2011
884,Akon,"1,23,00,000","5,78,01,08,081",43,Music,2005
885,Wave Music Bhakti,"1,23,00,000","5,03,00,56,103","19,534",Music,2011
886,NDTV,"1,23,00,000","4,80,34,79,418","1,38,620",Entertainment,2006
887,CHHOTU KI MASTI,"1,23,00,000","4,31,32,98,357",112,Comedy,2018
888,Its JoJo Siwa,"1,23,00,000","3,94,87,40,983",735,Entertainment,2015
889,MC Divertida,"1,22,00,000","4,74,85,65,465",353,Entertainment,2018
890,Troom Troom Indonesia,"1,22,00,000","5,18,64,82,167","1,688",People & Blogs,2019
891,jaanvi patel,"1,22,00,000","5,43,09,06,777",419,People & Blogs,2018
892,YoungBoy Never Broke Again,"1,22,00,000","12,11,86,57,768",590,Entertainment,2015
893,SEVENGERS,"1,22,00,000","8,39,67,73,331",714,Comedy,2018
894,DaniRep | +6 Vídeos Diarios De GTA 5 Online!,"1,22,00,000","6,63,25,58,338","11,556",Gaming,2012
895,Ice Cream Rolls,"1,22,00,000","1,53,88,71,204","1,691",Entertainment,2011
896,colinfurze,"1,22,00,000","1,52,40,31,933",375,Entertainment,2006
897,Kylie Jenner,"1,22,00,000","77,75,04,993",153,People & Blogs,2015
898,Bela Bagunça,"1,22,00,000","2,82,12,37,136",987,People & Blogs,2015
899,deepesh zo,"1,21,00,000","5,65,59,45,454",392,People & Blogs,2021
900,Timba Vk,"1,21,00,000","2,68,68,43,858",919,Gaming,2012
901,THE BROWN SIBLINGS,"1,21,00,000","7,42,52,42,681",764,Entertainment,2016
902,Yair17,"1,21,00,000","1,30,58,60,534","1,030",Gaming,2014
903,penguinz0,"1,21,00,000","6,70,49,78,227","4,270",Gaming,2007
904,Avril Lavigne,"1,21,00,000","5,90,51,00,328",163,Music,2005
905,Heidi y Zidane,"1,21,00,000","5,77,23,31,296",531,https://us.youtubers.me/global/all/top-1000-most_subscribed-youtube-channels,2019
906,Маша та Ведмідь,"1,21,00,000","5,22,35,02,987","1,082",Shows,2014
907,123 GO!,"1,21,00,000","4,52,88,28,203",457,People & Blogs,2019
908,Lulu99,"1,21,00,000","2,22,73,43,024",542,Entertainment,2015
909,Panda,"1,21,00,000","2,08,44,17,860","1,444",https://us.youtubers.me/global/all/top-1000-most_subscribed-youtube-channels,2018
910,Nat and Essie,"1,20,00,000","7,08,55,68,806","1,062",Film & Animation,2015
911,Planet Earth INDIA,"1,20,00,000","1,76,72,57,262",647,People & Blogs,2011
912,eltrece,"1,20,00,000","11,59,92,65,811","1,57,752",Entertainment,2014
913,NATTI NATASHA,"1,20,00,000","7,64,09,79,425",163,Music,2015
914,Mor Haryanvi,"1,20,00,000","6,01,25,66,606",408,Music,2015
915,Diana and Roma IND,"1,20,00,000","5,23,61,95,681",487,https://us.youtubers.me/global/all/top-1000-most_subscribed-youtube-channels,2019
916,Quantum Tech HD,"1,20,00,000","4,42,12,55,437",490,Science & Technology,2015
917,Franco Escamilla,"1,20,00,000","3,79,20,18,934","2,275",Comedy,2007
918,Pastor Antônio Júnior,"1,20,00,000","1,88,02,11,143","4,096",People & Blogs,2013
919,TsMadaan,"1,20,00,000","1,37,05,29,687","1,753",Howto & Style,2008
920,Hero Movies 2023,"1,19,00,000","1,56,74,19,173",446,People & Blogs,2017
921,Topper Guild,"1,19,00,000","11,29,69,40,423",612,Comedy,2014
922,Willie Salim,"1,19,00,000","2,81,13,46,388",446,People & Blogs,2014
923,MBC مصر,"1,19,00,000","6,61,72,78,334","40,741",Entertainment,2012
924,First We Feast,"1,19,00,000","2,64,52,21,536",896,Howto & Style,2014
925,Rubius Z,"1,19,00,000","1,97,53,97,586",496,Comedy,2006
926,Black Eyed Peas,"1,19,00,000","10,13,46,16,933",71,Music,2007
927,Pari's Lifestyle,"1,19,00,000","7,27,10,47,228",401,People & Blogs,2018
928,CNCO,"1,19,00,000","7,05,96,76,669",187,Music,2015
929,AlArabiya العربية,"1,19,00,000","6,57,58,58,204","1,47,459",People & Blogs,2006
930,Luan Santana,"1,19,00,000","5,33,25,47,232",379,Music,2009
931,DANIEL EL TRAVIESO VIDEOS,"1,19,00,000","4,84,25,72,088",335,Comedy,2014
932,KaKa Kids TV - Nursery Rhymes Kids Animated Songs,"1,19,00,000","4,18,52,34,779",331,https://us.youtubers.me/global/all/top-1000-most_subscribed-youtube-channels,2013
933,Kluna Tik,"1,19,00,000","4,15,41,19,625",302,Entertainment,2014
934,Make Joke Of,"1,19,00,000","1,96,28,26,145",48,Comedy,2017
935,Lofi Girl,"1,19,00,000","1,47,63,34,365",372,Music,2015
936,GoldminesAction,"1,19,00,000","1,16,90,23,702",644,Film & Animation,2015
937,emma chamberlain,"1,19,00,000","1,57,28,87,708",287,Entertainment,2016
938,ChrisBrownVEVO,"1,19,00,000","13,19,09,90,325",297,Music,2009
939,Kashvi Adlakha,"1,19,00,000","10,39,21,11,852","1,310",Entertainment,2017
940,Jaiden Animations,"1,18,00,000","2,20,37,66,508",104,Film & Animation,2014
941,MORGENSHTERN,"1,18,00,000","2,26,25,32,486",160,Music,2013
942,Norman,"1,18,00,000","2,70,30,42,539",210,Comedy,2011
943,bharatzkitchen HINDI,"1,18,00,000","2,11,15,80,099",677,Howto & Style,2016
944,EU FICO LOKO,"1,18,00,000","1,18,81,30,067","1,605",Comedy,2010
945,CalvinHarrisVEVO,"1,18,00,000","13,95,28,79,752",174,Music,2009
946,Flowers Comedy,"1,18,00,000","10,53,84,59,750","10,287",Entertainment,2015
947,P!NK,"1,18,00,000","7,54,89,76,997",19,Music,2006
948,Wild 'N Out,"1,18,00,000","4,61,50,66,353","1,357",Entertainment,2006
949,Koo Koo TV - Hindi,"1,18,00,000","4,36,65,61,548","1,033",Education,2017
950,LipaoGamer,"1,18,00,000","4,01,12,44,826","11,248",Gaming,2011
951,MrGear,"1,18,00,000","3,26,34,35,380",840,Science & Technology,2015
952,TWO SIDE GAMERS,"1,18,00,000","2,06,49,26,551","1,873",Music,2018
953,TommyInnit,"1,18,00,000","1,68,02,28,521",305,Gaming,2015
954,Naz | ناز,"1,18,00,000","2,01,37,78,695",917,People & Blogs,2016
955,FrontaL Gaming,"1,18,00,000","26,87,39,666",157,Gaming,2015
956,Halsey,"1,17,00,000","4,65,46,77,099",52,Music,2014
957,Kendrick Lamar,"1,17,00,000","5,25,40,14,931",22,People & Blogs,2018
958,Lil Wayne,"1,17,00,000","5,74,18,69,232",263,Music,2013
959,الجانب المُشرق | Bright Side Arabic,"1,17,00,000","1,68,63,12,058","5,338",Howto & Style,2018
960,Garena Free Fire LATAM,"1,17,00,000","1,65,97,25,078","1,670",People & Blogs,2018
961,POCOYÓ en ESPAÑOL - Canal Oficial,"1,17,00,000","8,75,97,19,169","1,630",Film & Animation,2007
962,Chetan Monga Vlogs,"1,17,00,000","8,25,37,41,205",798,People & Blogs,2014
963,elcarteldesantatv,"1,17,00,000","6,69,84,48,077",344,Music,2008
964,BBC Earth,"1,17,00,000","4,21,24,09,776","2,338",Pets & Animals,2009
965,SBT,"1,17,00,000","3,45,54,06,720","25,943",Comedy,2008
966,Tfue,"1,17,00,000","1,48,85,20,716",833,Gaming,2014
967,Yoga With Adriene,"1,17,00,000","1,26,74,65,262",674,Howto & Style,2012
968,Dani Russo Tv,"1,17,00,000","61,18,66,406",277,Comedy,2014
969,Free Fire India Official,"1,17,00,000","1,48,68,85,351","1,268",People & Blogs,2018
970,Noman Official,"1,16,00,000","4,77,52,97,096",439,Comedy,2019
971,BIBO и Игрушки,"1,16,00,000","1,04,66,51,653",169,Entertainment,2019
972,Machinima,"1,16,00,000",0,0,Film & Animation,2006
973,Mundo Bita,"1,16,00,000","15,08,09,36,964",195,Music,2011
974,Salman Noman,"1,16,00,000","8,00,25,20,517",548,Entertainment,2013
975,Single Track Studio,"1,16,00,000","4,69,27,57,292","1,726",Entertainment,2010
976,Stray Kids,"1,16,00,000","2,59,90,25,008",709,People & Blogs,2017
977,Gustavo Paródias,"1,16,00,000","2,18,70,32,139",690,Comedy,2014
978,CrazyRussianHacker,"1,16,00,000","3,20,83,63,861","2,187",Science & Technology,2012
979,Biper y sus Amigos,"1,16,00,000","5,20,02,24,730",148,Music,2012
980,CarryisLive,"1,16,00,000","1,44,96,47,680",947,Gaming,2017
981,Airrack,"1,15,00,000","1,54,27,74,923",159,Entertainment,2015
982,Vy Qwaint,"1,15,00,000","5,65,23,41,273",559,Howto & Style,2014
983,Toys Make Me Smile,"1,15,00,000","4,83,00,20,688",102,Entertainment,2015
984,ZutiGang,"1,15,00,000","12,71,25,46,262","1,075",People & Blogs,2021
985,Flamingo,"1,15,00,000","9,56,90,61,994","2,324",Gaming,2017
986,Brancoala,"1,15,00,000","8,46,54,43,935","1,768",Entertainment,2008
987,Annoying Orange,"1,15,00,000","8,05,85,49,344","1,948",Shows,2010
988,Zee Kids,"1,15,00,000","7,01,75,37,235","1,015",Film & Animation,2012
989,ARY News,"1,15,00,000","5,76,59,43,823","67,453",News & Politics,2013
990,Star Casablanca | نجوم الدار البيضاء,"1,15,00,000","5,33,80,43,398","1,030",Music,2015
991,Maymo,"1,15,00,000","5,05,04,63,518",512,Pets & Animals,2006
992,설기양SULGI,"1,15,00,000","2,97,19,92,503",597,People & Blogs,2012
993,The Film Theorists,"1,15,00,000","2,41,56,88,324",382,Film & Animation,2014
994,ToysPlay,"1,15,00,000","7,25,46,35,746",431,Entertainment,2015
995,Morgz,"1,15,00,000","2,78,00,58,418",775,Gaming,2014
996,XO TEAM,"1,15,00,000","11,47,13,84,709","2,679",People & Blogs,2021
997,Nirahua Music World,"1,15,00,000","5,99,77,17,755",788,Music,2014
998,YtCrash,"1,14,00,000","38,25,084",1,Education,2015
999,Painzeiro,"1,14,00,000","2,14,34,44,281",946,People & Blogs,2015
1000,Oum Walid,"1,14,00,000","2,48,00,64,722","1,598",People & Blogs,2015
